<?xml version="1.0" encoding="UTF-8"?>
<urn:Clients xmlns:urn="urn:pingidentity.com:pf:oauth:client">
    <urn:Client client_id="DemoApplication" name="DemoApplication" secret="CBc3ai__cbB6MVLvp6MUNMNBa53WZyPRSq-WW-XlxJ8.BOVTi9TR.2" persistentGrantExpirationTime="0" persistentGrantExpirationTimeUnit="d" lastModified="2018-05-31T10:30:48.409-06:00" bypassApprovalPage="false" restrictScopes="false" clientAuthnType="SECRET" enforceOneTimeJWT="false" isRequireSignedRequest="false">
        <urn:Description>Created By :administrator, Created On :2018/05/31 10:30:48</urn:Description>
        <urn:Grant type="refresh_token"/>
        <urn:Grant type="authorization_code"/>
        <urn:RedirectUri>http://localhost:8885/pa/oidc/cb</urn:RedirectUri>
        <urn:RedirectUri>https://localhost:8885/pa/oidc/cb</urn:RedirectUri>
        <urn:SupplementalInfo key="ACCESS_SESSION_REVOCATION_API" value="false"/>
        <urn:SupplementalInfo key="REVERSIBLE_SECRET" value="eyJhbGciOiJkaXIiLCJlbmMiOiJBMTI4Q0JDLUhTMjU2Iiwia2lkIjoiQkY1M2tHSEZ2NiIsInZlcnNpb24iOiI5LjAuMy4wIn0..FIaLwfedEkZIKsT2qwxF6w.dt2dV_V8cToThSlIWORYTg.EvoX0D9wGuUi2ju9Jr7LHA"/>
        <urn:SupplementalInfo key="VALIDATE_USING_ALL_ELIGIBLE_ATMS" value="false"/>
        <urn:SupplementalInfo key="vnd.ping.policy_group_id" value="DemoApplication"/>
        <urn:SupplementalInfo key="PING_ACCESS_LOGOUT_CAPABLE" value="false"/>
        <urn:SupplementalInfo key="RESTRICT_RESPONSE_TYPES" value="false"/>
        <urn:SupplementalInfo key="id_token_signed_response_alg" value="HS256"/>
    </urn:Client>
</urn:Clients>