<?xml version="1.0" encoding="UTF-8"?>
<urn:AdapterConfiguration authnCtxClassRef="" isInheritAttributeSettings="false" isInheritAttributeMapping="false" maskOgnlValues="false" isInheritExtendedContractAttributes="false" name="IDPOTK" xmlns:urn="urn:sourceid.org:saml2:adapter:conf">
    <urn:Fields>
        <urn:Field name="Password">eyJhbGciOiJkaXIiLCJlbmMiOiJBMTI4Q0JDLUhTMjU2Iiwia2lkIjoiQkY1M2tHSEZ2NiIsInZlcnNpb24iOiI5LjMuMC45In0..drqWpXkmt_4nOHX6pT21IQ.t29JFbaUmJ43n4vYYyjzDA.YKdtJHRfKRXbHJc9q1KDjw</urn:Field>
        <urn:Field name="Confirm Password">eyJhbGciOiJkaXIiLCJlbmMiOiJBMTI4Q0JDLUhTMjU2Iiwia2lkIjoiQkY1M2tHSEZ2NiIsInZlcnNpb24iOiI5LjMuMC45In0..cUaUbupFl2dVC5n3vu51vg.MuzgtXQ_l7TBZFnSWz1yZw.UFO8-dD6DriI53iCYqYXrg</urn:Field>
        <urn:Field name="Authentication Service">https://localhost:9031/IdpSample/?cmd=sso</urn:Field>
        <urn:Field name="Transport Mode">1</urn:Field>
        <urn:Field name="Token Name">opentoken</urn:Field>
        <urn:Field name="Cipher Suite">2</urn:Field>
        <urn:Field name="Logout Service">https://localhost:9031/IdpSample/?cmd=slo</urn:Field>
        <urn:Field name="Cookie Domain"/>
        <urn:Field name="Cookie Path">/</urn:Field>
        <urn:Field name="Token Lifetime">300</urn:Field>
        <urn:Field name="Session Lifetime">43200</urn:Field>
        <urn:Field name="Not Before Tolerance">0</urn:Field>
        <urn:Field name="Force SunJCE Provider">false</urn:Field>
        <urn:Field name="Use Verbose Error Messages">false</urn:Field>
        <urn:Field name="Obfuscate Password">true</urn:Field>
        <urn:Field name="Session Cookie">false</urn:Field>
        <urn:Field name="Secure Cookie">false</urn:Field>
        <urn:Field name="HTTP Only Flag">true</urn:Field>
        <urn:Field name="Delete Cookie">false</urn:Field>
        <urn:Field name="Replay Prevention">false</urn:Field>
        <urn:Field name="Skip Malformed Attribute Detection">false</urn:Field>
        <urn:Field name="Track Authentication Time">true</urn:Field>
    </urn:Fields>
    <urn:AdvancedFields>
        <urn:Field name="Transport Mode">1</urn:Field>
        <urn:Field name="Token Name">opentoken</urn:Field>
        <urn:Field name="Cipher Suite">2</urn:Field>
        <urn:Field name="Logout Service">https://localhost:9031/IdpSample/?cmd=slo</urn:Field>
        <urn:Field name="Cookie Domain"/>
        <urn:Field name="Cookie Path">/</urn:Field>
        <urn:Field name="Token Lifetime">300</urn:Field>
        <urn:Field name="Session Lifetime">43200</urn:Field>
        <urn:Field name="Not Before Tolerance">0</urn:Field>
        <urn:Field name="Force SunJCE Provider">false</urn:Field>
        <urn:Field name="Use Verbose Error Messages">false</urn:Field>
        <urn:Field name="Obfuscate Password">true</urn:Field>
        <urn:Field name="Session Cookie">false</urn:Field>
        <urn:Field name="Secure Cookie">false</urn:Field>
        <urn:Field name="HTTP Only Flag">true</urn:Field>
        <urn:Field name="Delete Cookie">false</urn:Field>
        <urn:Field name="Replay Prevention">false</urn:Field>
        <urn:Field name="Skip Malformed Attribute Detection">false</urn:Field>
        <urn:Field name="Track Authentication Time">true</urn:Field>
    </urn:AdvancedFields>
    <urn:Tables/>
    <urn:ExtendedContractAttributes>
        <urn:AttributeName>mail</urn:AttributeName>
        <urn:AttributeName>displayName</urn:AttributeName>
        <urn:AttributeName>surname</urn:AttributeName>
        <urn:AttributeName>givenName</urn:AttributeName>
        <urn:AttributeName>memberOf</urn:AttributeName>
        <urn:AttributeName>userPrincipalName</urn:AttributeName>
        <urn:AttributeName>username</urn:AttributeName>
    </urn:ExtendedContractAttributes>
    <urn:UniqueKeyField>username</urn:UniqueKeyField>
    <urn:AttributeMapping>
        <urn1:AttributeMap Name="mail" Type="Adapter" Value="mail" xmlns:urn1="urn:sourceid.org:saml2:metadata-extension:v2"/>
        <urn1:AttributeMap Name="displayName" Type="Adapter" Value="displayName" xmlns:urn1="urn:sourceid.org:saml2:metadata-extension:v2"/>
        <urn1:AttributeMap Name="subject" Type="Adapter" Value="subject" xmlns:urn1="urn:sourceid.org:saml2:metadata-extension:v2"/>
        <urn1:AttributeMap Name="surname" Type="Adapter" Value="surname" xmlns:urn1="urn:sourceid.org:saml2:metadata-extension:v2"/>
        <urn1:AttributeMap Name="givenName" Type="Adapter" Value="givenName" xmlns:urn1="urn:sourceid.org:saml2:metadata-extension:v2"/>
        <urn1:AttributeMap Name="memberOf" Type="Adapter" Value="memberOf" xmlns:urn1="urn:sourceid.org:saml2:metadata-extension:v2"/>
        <urn1:AttributeMap Name="userPrincipalName" Type="Adapter" Value="userPrincipalName" xmlns:urn1="urn:sourceid.org:saml2:metadata-extension:v2"/>
        <urn1:AttributeMap Name="username" Type="Adapter" Value="username" xmlns:urn1="urn:sourceid.org:saml2:metadata-extension:v2"/>
        <urn1:AttributeSource Id="AD" Description="AD" Type="LDAP" DataSourceId="LDAP-CD78F9CFEBFA949F07AA9F08F0E3F919CB69FFC7" xmlns:urn1="urn:sourceid.org:saml2:metadata-extension:v2">
            <urn1:Parameter Name="filter" Value="sAMAccountName=${username}"/>
            <urn1:Parameter Name="search_base" Value="CN=Users,DC=sso,DC=test-win4,DC=com"/>
            <urn1:Parameter Name="search_scope" Value="SUBTREE_SCOPE"/>
            <urn1:Parameter Name="memberof_nested_group" Value="false"/>
        </urn1:AttributeSource>
        <urn1:TokenAuthorizationIssuanceCriteria xmlns:urn1="urn:sourceid.org:saml2:metadata-extension:v2"/>
    </urn:AttributeMapping>
</urn:AdapterConfiguration>