<?xml version="1.0" encoding="UTF-8"?>
<datasources>
    <local-tx-datasource maskAttributeValues="false">
        <description>jdbc:mysql://sso.test-win4.com/sys?autoReconnect=true (root)</description>
        <name>jdbc:mysql://sso.test-win4.com/sys?autoReconnect=true (root)</name>
        <jndi-name>JDBC-A0952CDE365123C6B183052646226F6719AF771E</jndi-name>
        <connection-url>jdbc:mysql://sso.test-win4.com/sys?autoReconnect=true</connection-url>
        <driver-class>com.mysql.jdbc.Driver</driver-class>
        <user-name>root</user-name>
        <password>eyJhbGciOiJkaXIiLCJlbmMiOiJBMTI4Q0JDLUhTMjU2Iiwia2lkIjoiQkY1M2tHSEZ2NiIsInZlcnNpb24iOiI5LjIuMS4xIn0..D2uquThXCj4Y5Ryyod9BIg.zbQTGtbtqMv_OQCKHtHSRg.BHbJ0owTRbRGbx35HV2V9A</password>
        <check-valid-connection-sql>SELECT 1 from dual;</check-valid-connection-sql>
        <ping-db-type>Custom</ping-db-type>
        <allow-multi-value-attributes>true</allow-multi-value-attributes>
    </local-tx-datasource>
    <local-tx-datasource maskAttributeValues="false">
        <description>jdbc:hsqldb:${pf.server.data.dir}${/}hypersonic${/}ProvisionerDefaultDB;hsqldb.lock_file=false (sa)</description>
        <name>jdbc:hsqldb:${pf.server.data.dir}${/}hypersonic${/}ProvisionerDefaultDB;hsqldb.lock_file=false (sa)</name>
        <jndi-name>ProvisionerDS</jndi-name>
        <connection-url>jdbc:hsqldb:${pf.server.data.dir}${/}hypersonic${/}ProvisionerDefaultDB;hsqldb.lock_file=false</connection-url>
        <driver-class>org.hsqldb.jdbcDriver</driver-class>
        <user-name>sa</user-name>
        <password>eyJhbGciOiJkaXIiLCJlbmMiOiJBMTI4Q0JDLUhTMjU2Iiwia2lkIjoiQkY1M2tHSEZ2NiIsInZlcnNpb24iOiI5LjIuMS4xIn0..RFtMF-KWozhrZVPVKgOlCg.qcgtfOZgNAM6p9RTm0QkFg.vwuxT48-Uu51S3Qxuc8-tA</password>
        <ping-db-type>Custom</ping-db-type>
        <allow-multi-value-attributes>false</allow-multi-value-attributes>
    </local-tx-datasource>
</datasources>