<?xml version="1.0" encoding="UTF-8"?>
<datasources>
    <local-tx-datasource maskAttributeValues="false">
        <description>jdbc:hsqldb:${pf.server.data.dir}${/}hypersonic${/}ProvisionerDefaultDB;hsqldb.lock_file=false (sa)</description>
        <name>jdbc:hsqldb:${pf.server.data.dir}${/}hypersonic${/}ProvisionerDefaultDB;hsqldb.lock_file=false (sa)</name>
        <jndi-name>ProvisionerDS</jndi-name>
        <connection-url>jdbc:hsqldb:${pf.server.data.dir}${/}hypersonic${/}ProvisionerDefaultDB;hsqldb.lock_file=false</connection-url>
        <driver-class>org.hsqldb.jdbcDriver</driver-class>
        <user-name>sa</user-name>
        <password>eyJhbGciOiJkaXIiLCJlbmMiOiJBMTI4Q0JDLUhTMjU2Iiwia2lkIjoiQkY1M2tHSEZ2NiIsInZlcnNpb24iOiIxMC4xLjAuOCJ9..6nL5fpVy3oChOIQJlceHRQ.yJ0HAUMFvM5I5OG2va03Bg.ynZXcR2QC8NpRL_T3ptDxA</password>
        <ping-db-type>Custom</ping-db-type>
        <allow-multi-value-attributes>false</allow-multi-value-attributes>
        <connectionTagList/>
    </local-tx-datasource>
</datasources>