<?xml version="1.0" encoding="UTF-8"?>
<adm:administrative-users xmlns:adm="http://pingidentity.com/2006/01/admin-users">
    <adm:user>
        <adm:user-name>Administrator</adm:user-name>
        <adm:salt/>
        <adm:hash>a_UVcHcRZrRn9xze4noI1tCzHIsoeP_47DkFSSu8VLs.JtSf6WpM.2</adm:hash>
        <adm:phone-number/>
        <adm:email-address/>
        <adm:department/>
        <adm:description/>
        <adm:admin-manager>true</adm:admin-manager>
        <adm:admin>true</adm:admin>
        <adm:crypto-manager>true</adm:crypto-manager>
        <adm:expression-manager>true</adm:expression-manager>
        <adm:auditor>false</adm:auditor>
        <adm:active>true</adm:active>
        <adm:password-change-required>false</adm:password-change-required>
    </adm:user>
    <adm:user>
        <adm:user-name>jasonb</adm:user-name>
        <adm:salt/>
        <adm:hash>_y2k6unlPmpr3DYamvbnU5dnuJb7UZjFjq5yZx69cPU.40ZoP6f5.2</adm:hash>
        <adm:phone-number/>
        <adm:email-address/>
        <adm:department/>
        <adm:description/>
        <adm:admin-manager>true</adm:admin-manager>
        <adm:admin>false</adm:admin>
        <adm:crypto-manager>true</adm:crypto-manager>
        <adm:expression-manager>false</adm:expression-manager>
        <adm:auditor>false</adm:auditor>
        <adm:active>true</adm:active>
        <adm:password-change-required>false</adm:password-change-required>
    </adm:user>
</adm:administrative-users>