<?xml version="1.0" encoding="UTF-8"?>
<urn:PluginConfiguration isInheritExtendedContractAttributes="false" name="Radius" xmlns:urn="urn:sourceid.org:saml2:adapter:conf">
    <urn:Fields>
        <urn:Field name="CHECK GROUPS">false</urn:Field>
        <urn:Field name="IF THE USER IS NOT ACTIVATED ON PINGID">register</urn:Field>
        <urn:Field name="FAIL Login if the user is not member of the ldap group">true</urn:Field>
        <urn:Field name="RADIUS Server Authentication Port">1812</urn:Field>
        <urn:Field name="Domain postfix"/>
        <urn:Field name="PingID Properties File">#Auto-Generated from PingOne, downloaded by id=[363444] email=[jasonbradley+test2@pingidentity.com]
#Mon Apr 23 14:17:38 MDT 2018
use_base64_key=wbckf+9xw0tLCrAvhQXRxnNPhJxoZevR867czSNlQrg=
use_signature=true
token=1de0dc679f2a4778a1ccf8fc92e134d1
idp_url=https://idpxnyl3m.pingidentity.com/pingid
org_alias=2a63792f-9005-414b-935a-2021b50affe0
admin_url=https://idpxnyl3m.pingidentity.com/pingid
authenticator_url=https://authenticator.pingone.com/pingid/ppm</urn:Field>
        <urn:Field name="Authentication During Errors">Block User</urn:Field>
        <urn:Field name="Users Without a Paired Device"/>
        <urn:Field name="LDAP Data source"/>
        <urn:Field name="Create Entry For Devices">false</urn:Field>
        <urn:Field name="Encryption Key For Devices"/>
        <urn:Field name="Search Base"/>
        <urn:Field name="Search Filter"/>
        <urn:Field name="Scope of Search"/>
        <urn:Field name="Distinguished Name Pattern"/>
        <urn:Field name="State Attribute"/>
        <urn:Field name="Server Threads"/>
        <urn:Field name="Enable RADIUS Server">true</urn:Field>
        <urn:Field name="Default Shared Secret"/>
        <urn:Field name="PingID service ID">vpn</urn:Field>
        <urn:Field name="State Encryption Key">eyJhbGciOiJkaXIiLCJlbmMiOiJBMTI4Q0JDLUhTMjU2Iiwia2lkIjoiQkY1M2tHSEZ2NiIsInZlcnNpb24iOiI5LjAuMy4wIn0..zmHjout8kOPUbc-cUyRVSA.6TE78nk0BzOzCp24q5cmdWpwadhQfQcf4zKmb29oLBjzQ9_B4Nes9U86kPoyQ_MR.gTk0A77EADM7OfcQu8qKDg</urn:Field>
        <urn:Field name="State Lifetime">300</urn:Field>
        <urn:Field name="RADIUS client doesn't support challenge">false</urn:Field>
        <urn:Field name="OTP in password separator">Comma</urn:Field>
        <urn:Field name="RADIUS client password validation">false</urn:Field>
        <urn:Field name="PingID username attribute"/>
        <urn:Field name="PingId Heartbeat Timeout">30</urn:Field>
    </urn:Fields>
    <urn:AdvancedFields>
        <urn:Field name="Server Threads"/>
        <urn:Field name="Enable RADIUS Server">true</urn:Field>
        <urn:Field name="Default Shared Secret"/>
        <urn:Field name="PingID service ID">vpn</urn:Field>
        <urn:Field name="State Encryption Key">eyJhbGciOiJkaXIiLCJlbmMiOiJBMTI4Q0JDLUhTMjU2Iiwia2lkIjoiQkY1M2tHSEZ2NiIsInZlcnNpb24iOiI5LjAuMy4wIn0..CLij0fVGl7PPpTk_2wEQHw.KY9Gq74iedB-UqR4O_M6uxBod9JTDeCGEI1r5JxlEoC4EzoGawcjv44zUseXT5b7.8fKTiSeyy9cezJmhtxI0xg</urn:Field>
        <urn:Field name="State Lifetime">300</urn:Field>
        <urn:Field name="RADIUS client doesn't support challenge">false</urn:Field>
        <urn:Field name="OTP in password separator">Comma</urn:Field>
        <urn:Field name="RADIUS client password validation">false</urn:Field>
        <urn:Field name="PingID username attribute"/>
        <urn:Field name="PingId Heartbeat Timeout">30</urn:Field>
    </urn:AdvancedFields>
    <urn:Tables>
        <urn:Table name="RADIUS Clients">
            <urn:Row>
                <urn:Field name="Client IP">127.0.0.1</urn:Field>
                <urn:Field name="Client Shared Secret">eyJhbGciOiJkaXIiLCJlbmMiOiJBMTI4Q0JDLUhTMjU2Iiwia2lkIjoiQkY1M2tHSEZ2NiIsInZlcnNpb24iOiI5LjAuMy4wIn0..RwnNevio3a8SQF_yRMOzyQ.krc67L2Ee9mhFVhsb2DOhA.TLxrybJwKqn0ssxHJoPyMw</urn:Field>
            </urn:Row>
        </urn:Table>
        <urn:Table name="Delegate PCV's">
            <urn:Row>
                <urn:Field name="Delegate PCV">WIN4</urn:Field>
            </urn:Row>
        </urn:Table>
        <urn:Table name="Member Of Groups"/>
        <urn:Table name="Multiple attributes mapping rules"/>
        <urn:Table name="User specific groups to Radius Client"/>
    </urn:Tables>
    <urn:ExtendedContractAttributes/>
</urn:PluginConfiguration>