<?xml version="1.0" encoding="UTF-8"?>
<urn:Clients xmlns:urn="urn:pingidentity.com:pf:oauth:client">
    <urn:Client client_id="pa_wam" name="PingAccess WAM" logo="" secret="HGCi2FR33POX7vF4Yr4t9uWGnGg9XINn4mi_YKMJ05E.Tbp4lhiu.2" persistentGrantExpirationTime="0" enabled="true" lastModified="2020-08-19T07:14:55.838-06:00" bypassApprovalPage="false" restrictScopes="false" jwksUri="" jwks="" clientAuthnType="SECRET" enforceOneTimeJWT="false" isRequireSignedRequest="false">
        <urn:Description/>
        <urn:Grant type="refresh_token"/>
        <urn:Grant type="authorization_code"/>
        <urn:RedirectUri>https://localhost:3000/pa/oidc/cb</urn:RedirectUri>
        <urn:RedirectUri>https://localhost:3050/pa/oidc/cb</urn:RedirectUri>
        <urn:SupplementalInfo key="ALLOW_EXCLUSIVE_SCOPES" value="false"/>
        <urn:SupplementalInfo key="DEVICE_FLOW_SETTING" value="SERVER_DEFAULT"/>
        <urn:SupplementalInfo key="PING_ACCESS_LOGOUT_CAPABLE" value="true"/>
        <urn:SupplementalInfo key="ALLOW_AUTHENTICATION_API_INIT" value="false"/>
        <urn:SupplementalInfo key="RESTRICT_RESPONSE_TYPES" value="false"/>
        <urn:SupplementalInfo key="REQUIRE_PROOF_KEY_FOR_CODE_EXCHANGE" value="false"/>
        <urn:SupplementalInfo key="ACCESS_SESSION_REVOCATION_API" value="true"/>
        <urn:SupplementalInfo key="REVERSIBLE_SECRET" value="eyJhbGciOiJkaXIiLCJlbmMiOiJBMTI4Q0JDLUhTMjU2Iiwia2lkIjoiQkY1M2tHSEZ2NiIsInZlcnNpb24iOiIxMC4xLjAuOCJ9..Yg2DrJRrNdBcDKp37zqIkw.a1P-2XriWsXsuzOzYpzZJt8eQrxEIJ5ez3Q2qS27hhVGgImRuzwqd23PpzAuOn2BaWXyS_mXY-Zd-niZnUK9gMrYxZKxOyFZV_OJ3COQwK1txeEcXDPDcINr6LCOMLAoYADCI8wwjT6aTXpkLnVjyTJazrHamNw4rRMaO03C0CNAL2tbR047iniUSvjBeGJO.qKEeHvpTCfj6uGrozfKzQA"/>
        <urn:SupplementalInfo key="PERSISTENT_GRANT_IDLE_TIMEOUT_TYPE" value="SERVER_DEFAULT"/>
        <urn:SupplementalInfo key="id_token_encrypted_response_alg" value="dir"/>
        <urn:SupplementalInfo key="id_token_encrypted_response_enc" value="A128CBC-HS256"/>
        <urn:SupplementalInfo key="ACCESS_SESSION_MANAGEMENT_API" value="false"/>
        <urn:SupplementalInfo key="VALIDATE_USING_ALL_ELIGIBLE_ATMS" value="false"/>
        <urn:SupplementalInfo key="ENABLED" value="true"/>
        <urn:SupplementalInfo key="vnd.ping.policy_group_id" value="PA-WAM"/>
    </urn:Client>
</urn:Clients>