<?xml version="1.0" encoding="UTF-8"?>
<con:config xmlns:con="http://www.sourceid.org/2004/05/config">
    <con:list name="grant-types-that-allow-http-get">
        <!--<con:ListItem>urn:pingidentity.com:oauth2:grant_type:validate_bearer</con:ListItem>-->
        <!--<con:ListItem>urn:ietf:params:oauth:grant-type:saml2-bearer</con:ListItem>-->
        <!--<con:ListItem>authorization_code</con:ListItem>-->
        <!--<con:ListItem>password</con:ListItem>-->
        <!--<con:ListItem>client_credentials</con:ListItem>-->
        <!--<con:ListItem>refresh_token</con:ListItem>-->
        <con:ListItem>urn:pingidentity.com:oauth2:grant_type:validate_bearer</con:ListItem>
    </con:list>
</con:config>