<?xml version="1.0" encoding="UTF-8"?>
<con:config xmlns:con="http://www.sourceid.org/2004/05/config">
    <con:list name="ActiveAdminServerAliases">
        <con:ListItem>6uqpj3hmx4usbvy1qkhi5563z</con:ListItem>
    </con:list>
    <con:list name="ActiveServerAliases">
        <con:ListItem>6uqpj3hmx4usbvy1qkhi5563z</con:ListItem>
    </con:list>
    <con:item name="DefaultActiveServerAlias">6uqpj3hmx4usbvy1qkhi5563z</con:item>
    <con:item name="DefaultActiveAdminServerAlias">6uqpj3hmx4usbvy1qkhi5563z</con:item>
</con:config>