<?xml version="1.0" encoding="UTF-8"?>
<con:config xmlns:con="http://www.sourceid.org/2004/05/config">
    <con:map name="bearer-access-token-management-plugins">
        <con:item name="default">org.sourceid.oauth20.token.plugin.impl.ReferenceBearerAccessTokenManagementPlugin</con:item>
        <con:item name="jwt">com.pingidentity.pf.access.token.management.plugins.JwtBearerAccessTokenManagementPlugin</con:item>
        <con:item name="APC">com.pingidentity.pf.access.token.management.plugins.JwtBearerAccessTokenManagementPlugin</con:item>
    </con:map>
    <con:item name="bearer-access-token-management-plugins-default">default</con:item>
    <con:map name="bearer-access-token-management-plugins-parents"/>
    <con:map name="bearer-access-token-management-plugin-sequence">
        <con:item name="default">2</con:item>
        <con:item name="APC">1</con:item>
        <con:item name="jwt">3</con:item>
    </con:map>
</con:config>