<?xml version="1.0" encoding="UTF-8"?>
<urn:Clients xmlns:urn="urn:pingidentity.com:pf:oauth:client">
    <urn:Client client_id="CPTOAM04Cycle111g" name="CPTOAM04Cycle111g" secret="aC98JZz1ZZTs8s-RzmGss5sfVke9isI3V438s_J9OEc.Yd1pQvcZ.2" persistentGrantExpirationTime="-1" persistentGrantExpirationTimeUnit="d" lastModified="2018-05-31T13:56:03.623-06:00" bypassApprovalPage="true" restrictScopes="false" clientAuthnType="SECRET" enforceOneTimeJWT="false" isRequireSignedRequest="false">
        <urn:Description>Created By :administrator, Created On :2018/05/31 13:56:03</urn:Description>
        <urn:Grant type="authorization_code"/>
        <urn:RedirectUri>http://localhost:8886/pa/oidc/cb</urn:RedirectUri>
        <urn:RedirectUri>https://localhost:8886/pa/oidc/cb</urn:RedirectUri>
        <urn:SupplementalInfo key="ACCESS_SESSION_REVOCATION_API" value="false"/>
        <urn:SupplementalInfo key="VALIDATE_USING_ALL_ELIGIBLE_ATMS" value="false"/>
        <urn:SupplementalInfo key="vnd.ping.policy_group_id" value="CPTOAM04Cycle111g"/>
        <urn:SupplementalInfo key="PING_ACCESS_LOGOUT_CAPABLE" value="true"/>
        <urn:SupplementalInfo key="RESTRICT_RESPONSE_TYPES" value="false"/>
    </urn:Client>
</urn:Clients>