<?xml version="1.0" encoding="UTF-8"?>
<ldap:ldap-sources xmlns:ldap="http://pingidentity.com/2004/09/ldap-ds">
    <ldap:ldap-source id="LDAP-C8BFDA53C7329298E08F5C68BDD608B0FE89B4C3" maskAttributeValues="false" ldapType="PingDirectory" ldapTypeDesc="PingDirectory" testOnBorrow="false" testOnReturn="false" createIfNecessary="true" minIdle="10" maxActive="100" maxWait="-1" timeBetweenEvictionRunsMillis="60000" readTimeoutMillis="3000" connTimeoutMillis="3000" verifyHost="true" dnsTtlMillis="60000" ldapDnsSrvPrefix="_ldap._tcp" ldapsDnsSrvPrefix="_ldaps._tcp">
        <ldap:host>10.101.61.142:1636</ldap:host>
        <ldap:principal>cn=dmanager</ldap:principal>
        <ldap:use-ssl>true</ldap:use-ssl>
        <ldap:use-dns-srv-records>false</ldap:use-dns-srv-records>
        <ldap:credentials>eyJhbGciOiJkaXIiLCJlbmMiOiJBMTI4Q0JDLUhTMjU2Iiwia2lkIjoiQkY1M2tHSEZ2NiIsInZlcnNpb24iOiI5LjIuMS4xIn0..L4ZZMGTc7oqeZoSNMaxaTw.L_SN1JbLwaR5yN1T6yScSA.Vijk5i_ZFqM_26oHXNoxCg</ldap:credentials>
        <ldap:authenticationMeth>simple</ldap:authenticationMeth>
        <ldap:description>10.101.61.142:1636 (cn=dmanager)</ldap:description>
        <ldap:name>10.101.61.142:1636 (cn=dmanager)</ldap:name>
        <ldap:binaryAttributes/>
    </ldap:ldap-source>
    <ldap:ldap-source id="LDAP-CD78F9CFEBFA949F07AA9F08F0E3F919CB69FFC7" maskAttributeValues="false" ldapType="ActiveDirectory" ldapTypeDesc="Active Directory" testOnBorrow="false" testOnReturn="false" createIfNecessary="true" minIdle="10" maxActive="100" maxWait="-1" timeBetweenEvictionRunsMillis="60000" readTimeoutMillis="3000" connTimeoutMillis="3000" verifyHost="true" dnsTtlMillis="60000" ldapDnsSrvPrefix="_ldap._tcp" ldapsDnsSrvPrefix="_ldaps._tcp">
        <ldap:host>win-4rpmpsk1u13.sso.test-win4.com</ldap:host>
        <ldap:principal>SSOTESTWIN4\lookup</ldap:principal>
        <ldap:use-ssl>true</ldap:use-ssl>
        <ldap:use-dns-srv-records>false</ldap:use-dns-srv-records>
        <ldap:credentials>eyJhbGciOiJkaXIiLCJlbmMiOiJBMTI4Q0JDLUhTMjU2Iiwia2lkIjoiQkY1M2tHSEZ2NiIsInZlcnNpb24iOiI5LjIuMS4xIn0..UlzriYrmB5Cd7Ssn-vzXkw.40sGmdE1Ny8YPhKWkE6GgA.WE8ZtK3iuaxqBGcRqYVlxg</ldap:credentials>
        <ldap:authenticationMeth>simple</ldap:authenticationMeth>
        <ldap:description>win-4rpmpsk1u13.sso.test-win4.com (SSOTESTWIN4\lookup)</ldap:description>
        <ldap:name>win-4rpmpsk1u13.sso.test-win4.com (SSOTESTWIN4\lookup)</ldap:name>
        <ldap:binaryAttributes/>
    </ldap:ldap-source>
</ldap:ldap-sources>