<?xml version="1.0" encoding="UTF-8"?>
<sk:systemKeys xmlns:sk="http://pingidentity.com/2018/01/system-keys">
    <sk:currentKey>
        <sk:key>eyJhbGciOiJkaXIiLCJlbmMiOiJBMTI4Q0JDLUhTMjU2Iiwia2lkIjoiQkY1M2tHSEZ2NiIsInZlcnNpb24iOiI5LjEuMi4wIiwiemlwIjoiREVGIn0..NRiD9rk7Phfn1hpoA20o9w.juvJk-TEZB0jt2ShujjwWjHm_xTSqcLyy1YQeBamGL-Ray_fow3klrJY3bZ2aRP5.Zh7F5qmv0Be391SayCiZrQ</sk:key>
        <sk:generatedTime>2018-10-25T11:53:55.976-06:00</sk:generatedTime>
    </sk:currentKey>
    <sk:previousKey xsi:nil="true" xmlns:xsi="http://www.w3.org/2001/XMLSchema-instance"/>
    <sk:pendingKey>
        <sk:key>eyJhbGciOiJkaXIiLCJlbmMiOiJBMTI4Q0JDLUhTMjU2Iiwia2lkIjoiQkY1M2tHSEZ2NiIsInZlcnNpb24iOiI5LjEuMi4wIiwiemlwIjoiREVGIn0..zNiLQ2mmsAoFkTnGalJ73Q.R95Mpjv0Bfa04nF8wzDK0GuLLcX7I5OuF3QU3_jJYL_QniW7HPqfHM9VQFprstyo.GgnN4p0LCCqG34wN6Jvg1g</sk:key>
        <sk:generatedTime>2018-10-25T11:53:55.976-06:00</sk:generatedTime>
    </sk:pendingKey>
</sk:systemKeys>