<?xml version="1.0" encoding="UTF-8"?>
<urn:PluginConfiguration isInheritExtendedContractAttributes="false" name="saml2" xmlns:urn="urn:sourceid.org:saml2:adapter:conf">
    <urn:Fields>
        <urn:Field name="Minutes Before">5</urn:Field>
        <urn:Field name="Minutes After">35</urn:Field>
        <urn:Field name="Issuer">IDP:STS</urn:Field>
        <urn:Field name="Signing Certificate">q1tki2ureomct8esbot9visiz</urn:Field>
        <urn:Field name="Signing Algorithm">SHA1</urn:Field>
        <urn:Field name="Include Certificate in KeyInfo">false</urn:Field>
        <urn:Field name="Include Raw Key in KeyValue">false</urn:Field>
        <urn:Field name="Audience">IDP:STS</urn:Field>
        <urn:Field name="Confirmation Method">urn:oasis:names:tc:SAML:2.0:cm:sender-vouches</urn:Field>
        <urn:Field name="Encryption Certificate"/>
    </urn:Fields>
    <urn:AdvancedFields/>
    <urn:Tables/>
    <urn:ExtendedContractAttributes>
        <urn:AttributeName>mail</urn:AttributeName>
        <urn:AttributeName>displayName</urn:AttributeName>
        <urn:AttributeName>surname</urn:AttributeName>
        <urn:AttributeName>givenName</urn:AttributeName>
        <urn:AttributeName>memberOf</urn:AttributeName>
        <urn:AttributeName>userPrincipalName</urn:AttributeName>
        <urn:AttributeName>username</urn:AttributeName>
    </urn:ExtendedContractAttributes>
</urn:PluginConfiguration>