<?xml version="1.0" encoding="UTF-8"?>
<md:EntityDescriptor entityID="SP:Scim" urn:name="SP:Scim" ID="zMQdPzCAHafqeEk6-gr_XLXQ_l7" urn:baseUrl="https://localhost:9031" urn:LogLevel="STANDARD" urn:isActive="false" xmlns:md="urn:oasis:names:tc:SAML:2.0:metadata" xmlns:urn="urn:sourceid.org:saml2:metadata-extension:v2">
    <md:Extensions>
        <urn:EntityExtension PFVersion="9.2.1.1" LicenseGroup="">
            <urn:VirtualIdentity EntityID="IDP:Scim"/>
            <urn:DefaultVirtualIdentity EntityID="IDP:Scim"/>
            <urn:DigitialSignatureAliases/>
            <urn:Encryption>
                <urn:EncryptionPolicy EncryptionAlgorithm="http://www.w3.org/2001/04/xmlenc#aes128-cbc" KeyTransportAlgorithm="http://www.w3.org/2001/04/xmlenc#rsa-oaep-mgf1p" EncryptAssertion="false" EncryptSubjectNameID="false" SLOEncryptSubjectNameID="false"/>
                <urn:DecryptionPolicy AssertionEncrypted="false" SubjectNameIDEncrypted="false" AttributeEncrypted="false" SLOSubjectNameIDEncrypted="false"/>
            </urn:Encryption>
            <urn:ConnectionTemplateProperties/>
            <urn:MetadataUrlId xsi:nil="true" xmlns:xsi="http://www.w3.org/2001/XMLSchema-instance"/>
            <urn:enableAutoMetadataUpdate>false</urn:enableAutoMetadataUpdate>
            <urn:AdditionalAllowedEntitiesConfiguration>
                <urn:AllowAdditionalEntities>false</urn:AllowAdditionalEntities>
                <urn:AllowAllEntities>false</urn:AllowAllEntities>
                <urn:AdditionalAllowedEntities/>
            </urn:AdditionalAllowedEntitiesConfiguration>
        </urn:EntityExtension>
    </md:Extensions>
    <md:RoleDescriptor protocolSupportEnumeration="pingfederate:protocol:noop" xsi:type="urn:PFNoopRoleDescriptorType" xmlns:xsi="http://www.w3.org/2001/XMLSchema-instance">
        <md:Extensions>
            <urn:RoleExtension LastModified="2019-04-18T12:35:57.540-06:00"/>
        </md:Extensions>
    </md:RoleDescriptor>
    <md:RoleDescriptor protocolSupportEnumeration="urn:oasis:names:tc:SAML:2.0:protocol" xsi:type="urn:PFAvailableCertsRoleDescriptorType" xmlns:xsi="http://www.w3.org/2001/XMLSchema-instance"/>
    <md:ContactPerson contactType="administrative"/>
</md:EntityDescriptor>