<?xml version="1.0" encoding="UTF-8"?>
<con:config xmlns:con="http://www.sourceid.org/2004/05/config">
    <con:item name="default-scope-description">Default permissions</con:item>
    <con:map name="scope-descriptions">
        <con:item name="address">Address access</con:item>
        <con:item name="phone">Phone Number access</con:item>
        <con:item name="edit">Edit permissions</con:item>
        <con:item name="apc">Authentication Policy Contract Testing</con:item>
        <con:item name="openid">OpenID Connect login</con:item>
        <con:item name="profile">Profile access</con:item>
        <con:item name="admin">Admin permissions</con:item>
        <con:item name="email">Email Address access</con:item>
    </con:map>
    <con:map name="scope-group-descriptions">
        <con:item name="mobile">Mobile Phone</con:item>
    </con:map>
    <con:map name="scope-group-mappings">
        <con:item name="mobile:1">phone</con:item>
    </con:map>
    <con:map name="exclusive-scope-descriptions"/>
    <con:map name="exclusive-scope-group-descriptions"/>
    <con:map name="exclusive-scope-group-mappings"/>
    <con:item name="lastUpdated">1556115723146</con:item>
    <con:list name="dynamic-common-scopes"/>
    <con:list name="dynamic-exclusive-scopes"/>
</con:config>