<?xml version="1.0" encoding="UTF-8"?>
<config xmlns="http://www.sourceid.org/2004/05/config">
    <!--Dsig keystore information: name and password-->
    <item name="DsigKeystoreName">ping-dsig.jks</item>
    <item name="DsigKeystorePassword">eyJhbGciOiJkaXIiLCJlbmMiOiJBMTI4Q0JDLUhTMjU2Iiwia2lkIjoiQkY1M2tHSEZ2NiIsInZlcnNpb24iOiI3LjIuMC4yLVNOQVBTSE9UIn0..9dXELI1xAwl6GqO79J1Q6g.wJ_mvewhi0YCJOre5XZRFJZpqPqZNI0JFTCB4k0DU1w.5vMBOnObDGxNHzYnfK6rAA</item>
    <!--Do not modify-->
    <item name="DsigKeystoreType2">default</item>
    <!--Map of Dsig keystore aliases to passwords; the system uses this map
     to open private keys for generating signatures, X509
     authentication, etc. For each item, the name of the item maps
     to the alias of a private key, and the value of the item is the
     password to that particular key.-->
    <map name="DsigPrivateKeyPasswords">
        <item name="ajrijhaata1nimo231vviponq">eyJhbGciOiJkaXIiLCJlbmMiOiJBMTI4Q0JDLUhTMjU2Iiwia2lkIjoiQkY1M2tHSEZ2NiIsInZlcnNpb24iOiI4LjQuMC40LVNOQVBTSE9UIn0..xGf3w9gerP7N85Sx2Qn1sA.1ukwhcyhWTbRA8G4ziFCwQ.P0_7VNFJaJwaLlQ1YmIf3A</item>
        <item name="q1tki2ureomct8esbot9visiz">eyJhbGciOiJkaXIiLCJlbmMiOiJBMTI4Q0JDLUhTMjU2Iiwia2lkIjoiQkY1M2tHSEZ2NiIsInZlcnNpb24iOiI5LjIuMS4xIn0..1_dPCkpmMZ5n8KPlpRiXhg.2iOaBodQ76EVjwWpR_PbsBuBnDV1PhcqTv8ZuQTkZeY.YbsH0FHm_hKADUq_Ct36VQ</item>
    </map>
    <!--DSIG HSM Keystore information: name and password-->
    <!--Map of Dsig keystore aliases to passwords; the system uses this map
     to open private keys for generating signatures, X509
     authentication, etc. For each item, the name of the item maps
     to the alias of a private key and the value of the item is the
     password to that particular key-->
    <!--SSL Keystore information: name and password-->
    <item name="SslKeystoreName">ping-ssl.jks</item>
    <item name="SslKeystorePassword">eyJhbGciOiJkaXIiLCJlbmMiOiJBMTI4Q0JDLUhTMjU2Iiwia2lkIjoiQkY1M2tHSEZ2NiIsInZlcnNpb24iOiI3LjIuMC4yLVNOQVBTSE9UIn0..YfXnWd8KnrpUvM4ZM5VbVw.3Wd_XKUKGFr2-hUoWRsnIbpLtL1GQGPuBnQ98MAHAjg.SoMEt8WRC14xWuga4AwYEA</item>
    <!--Do not modify-->
    <item name="SslKeystoreType2">default</item>
    <!--Map of SSL client auth keystore aliases to passwords; the system uses this map
     to open private keys for generating signatures, X509
     authentication, etc. For each item, the name of the item maps
     to the alias of a private key and the value of the item is the
     password to that particular key-->
    <map name="SslPrivateKeyPasswords"></map>
    <!--SSL HSM Keystore information: name and password-->
    <!--Do not modify-->
    <!--Map of SSL client auth keystore aliases to passwords; the system uses this map
     to open private keys for generating signatures, X509
     authentication, etc. For each item, the name of the item maps
     to the alias of a private key and the value of the item is the
     password to that particular key-->
    <!--SSL Server Keystore information: name and password-->
    <item name="SslServerKeystoreName">ping-ssl-server.jks</item>
    <item name="SslServerKeystorePassword">eyJhbGciOiJkaXIiLCJlbmMiOiJBMTI4Q0JDLUhTMjU2Iiwia2lkIjoiQkY1M2tHSEZ2NiIsInZlcnNpb24iOiI3LjIuMC4yLVNOQVBTSE9UIn0..0I3mTNXdcQJW5CvcJ7JXzQ.htGbvdhHtgH4W3-kwtVCF7Npr5KpfS9huCD_bBXcKGA.Mcy_g8iBBSPzjVZKbYap2Q</item>
    <!--Do not modify-->
    <item name="SslServerKeystoreType2">default</item>
    <!--Map of SSL Server keystore aliases to passwords; the system uses this map
         to open private keys for generating signatures, X509
         authentication, etc. For each item, the name of the item maps
         to the alias of a private key and the value of the item is the
         password to that particular key-->
    <map name="SslServerPrivateKeyPasswords">
        <item name="6uqpj3hmx4usbvy1qkhi5563z">eyJhbGciOiJkaXIiLCJlbmMiOiJBMTI4Q0JDLUhTMjU2Iiwia2lkIjoiQkY1M2tHSEZ2NiIsInZlcnNpb24iOiI4LjQuMC40LVNOQVBTSE9UIn0..5_BpE3EDUlt5MRSSMZbvSg.1_Khe2wt9EvR2K8pMFwdEw.FxH9fKQ-hAQeSW2uFzg20Q</item>
        <item name="pchcse34a8369vyx9ieqlaxfp">eyJhbGciOiJkaXIiLCJlbmMiOiJBMTI4Q0JDLUhTMjU2Iiwia2lkIjoiQkY1M2tHSEZ2NiIsInZlcnNpb24iOiI5LjMuMy4zIn0..8VVFv7w-GYeV6UVl8_GPKg.skee7BFV2GlnP_mfyp6LBEJh3D8c1bfO5L75eKeQfR0.tg0cgEiqv_MF1SfK74-UdA</item>
    </map>
    <!--SSL HSM Server Keystore information: name and password-->
    <!--Do not modify-->
    <!--Map of SSL Server keystore aliases to passwords; the system uses this map
         to open private keys for generating signatures, X509
         authentication, etc. For each item, the name of the item maps
         to the alias of a private key and the value of the item is the
         password to that particular key-->
    <!--Truststore Keystore information: name and password-->
    <item name="TrustKeystoreName">ping-trust.jks</item>
    <item name="TrustKeystorePassword">eyJhbGciOiJkaXIiLCJlbmMiOiJBMTI4Q0JDLUhTMjU2Iiwia2lkIjoiQkY1M2tHSEZ2NiIsInZlcnNpb24iOiI3LjIuMC4yLVNOQVBTSE9UIn0..i1GagqP66J7iEcOJJyhOBA.EDwv9H_7XCoNpJRi6nomAZh2Ug6veGQOM8Y29TFJRiA.AaI3ZVUQ_RHlhPu-YQ-IQA</item>
    <!--You can specify a key store type here. Available keystore types are
          JKS     - Java Keystore
          nCipher.sworld - nCipher keystore
          default - let the system select a keystore type for you. For Luna HSM 6, JKS is used.
                    For nCipher, nCipher.sworld is used. Otherwise, JKS is used-->
    <item name="TrustKeystoreType2">default</item>
    <!--Truststore HSM Keystore information: name and password-->
    <!--You can specify a key store type here. Available keystore types are
          JKS     - Java Keystore
          nCipher.sworld - nCipher keystore
          default - let the system select a keystore type for you. For Luna HSM 6, JKS is used.
                    For nCipher, nCipher.sworld is used. Otherwise, JKS is used-->
    <!--General keystore information: name and password-->
    <!--Do not modify-->
    <!--Map of General keystore aliases to passwords; the system uses this map
     to open private keys for generating signatures, X509
     authentication, etc. For each item, the name of the item maps
     to the alias of a private key, and the value of the item is the
     password to that particular key.-->
    <!--General HSM keystore information: name and password-->
    <!--Do not modify-->
    <!--Map of General keystore aliases to passwords; the system uses this map
     to open private keys for generating signatures, X509
     authentication, etc. For each item, the name of the item maps
     to the alias of a private key, and the value of the item is the
     password to that particular key.-->
    <item name="SslPublicKeystoreName">ping-ssl-cert.jks</item>
    <item name="DsigPublicKeystoreName">ping-dsig-cert.jks</item>
    <item name="DsigPublicKeystorePassword"/>
    <item name="SslPublicKeystoreType2">default</item>
    <item name="DsigPublicKeystoreType2">default</item>
    <item name="SslPublicKeystorePassword"/>
</config>