<?xml version="1.0" encoding="UTF-8"?>
<urn:PluginConfiguration isInheritExtendedContractAttributes="false" name="Azure" xmlns:urn="urn:sourceid.org:saml2:adapter:conf">
    <urn:Fields>
        <urn:Field name="Domain">rjbdenverhotmail.onmicrosoft.com</urn:Field>
        <urn:Field name="Application Id">aaca6c2c-f366-4e2f-a7ad-b0f4986a2d50</urn:Field>
        <urn:Field name="Application Key">eyJhbGciOiJkaXIiLCJlbmMiOiJBMTI4Q0JDLUhTMjU2Iiwia2lkIjoiQkY1M2tHSEZ2NiIsInZlcnNpb24iOiI5LjIuMS4xIn0..bZViSERz5jFQgYECm6yvxQ.cc_F-t79MiGIHk3bHkOA9WyYl0Cq2OEoPAXLXpHP1z0GNrsXieBkM3GSD8aYm23X.ucSqTS-0zYYWfeTtfNo41g</urn:Field>
        <urn:Field name="Disable user group retrieval">false</urn:Field>
    </urn:Fields>
    <urn:AdvancedFields/>
    <urn:Tables/>
    <urn:ExtendedContractAttributes/>
</urn:PluginConfiguration>