<?xml version="1.0" encoding="UTF-8"?>
<urn:Clients xmlns:urn="urn:pingidentity.com:pf:oauth:client">
    <urn:Client client_id="TestAgent" name="TestAgent" secret="hBC9Ci6vI6cs318R-iZXJwqq2QzLQW8pOeG75hofPgw.hYOyH8fK.2" persistentGrantExpirationTime="-1" persistentGrantExpirationTimeUnit="d" lastModified="2018-05-30T13:48:32.383-06:00" bypassApprovalPage="true" restrictScopes="false" clientAuthnType="SECRET" enforceOneTimeJWT="false" isRequireSignedRequest="false">
        <urn:Description>Created By :administrator, Created On :2018/05/30 13:48:32</urn:Description>
        <urn:Grant type="authorization_code"/>
        <urn:RedirectUri>http://testagent:1111/pa/oidc/cb</urn:RedirectUri>
        <urn:RedirectUri>https://testagent:1111/pa/oidc/cb</urn:RedirectUri>
        <urn:SupplementalInfo key="ACCESS_SESSION_REVOCATION_API" value="false"/>
        <urn:SupplementalInfo key="VALIDATE_USING_ALL_ELIGIBLE_ATMS" value="false"/>
        <urn:SupplementalInfo key="vnd.ping.policy_group_id" value="TestAgent"/>
        <urn:SupplementalInfo key="PING_ACCESS_LOGOUT_CAPABLE" value="true"/>
        <urn:SupplementalInfo key="RESTRICT_RESPONSE_TYPES" value="false"/>
    </urn:Client>
</urn:Clients>