<?xml version="1.0" encoding="UTF-8"?>
<md:EntityDescriptor entityID="https://sso.test-win4.com:9031" urn:name="IDP:Win4" ID="zbf-WPZB5GoPqDAc8d7ustrEUuK" urn:baseUrl="https://sso.test-win4.com:9031" urn:LogLevel="STANDARD" urn:isActive="true" xmlns:md="urn:oasis:names:tc:SAML:2.0:metadata" xmlns:urn="urn:sourceid.org:saml2:metadata-extension:v2">
    <md:Extensions>
        <urn:EntityExtension PFVersion="9.3.3.3" LicenseGroup="">
            <urn:DigitialSignatureAliases/>
            <urn:Encryption>
                <urn:EncryptionPolicy EncryptionAlgorithm="http://www.w3.org/2001/04/xmlenc#aes128-cbc" KeyTransportAlgorithm="http://www.w3.org/2001/04/xmlenc#rsa-oaep-mgf1p" EncryptAssertion="false" EncryptSubjectNameID="false" SLOEncryptSubjectNameID="false"/>
                <urn:DecryptionPolicy AssertionEncrypted="false" SubjectNameIDEncrypted="false" AttributeEncrypted="false" SLOSubjectNameIDEncrypted="false"/>
            </urn:Encryption>
            <urn:ConnectionTemplateProperties/>
            <urn:MetadataUrlId xsi:nil="true" xmlns:xsi="http://www.w3.org/2001/XMLSchema-instance"/>
            <urn:enableAutoMetadataUpdate>false</urn:enableAutoMetadataUpdate>
            <urn:AdditionalAllowedEntitiesConfiguration>
                <urn:AllowAdditionalEntities>false</urn:AllowAdditionalEntities>
                <urn:AllowAllEntities>false</urn:AllowAllEntities>
                <urn:AdditionalAllowedEntities/>
            </urn:AdditionalAllowedEntitiesConfiguration>
        </urn:EntityExtension>
    </md:Extensions>
    <md:IDPSSODescriptor protocolSupportEnumeration="OIDC" WantAuthnRequestsSigned="false">
        <md:Extensions>
            <urn:RoleExtension ArtifactTimeoutSeconds="60" LastModified="2020-01-17T13:39:59.600-07:00">
                <urn:IncomingBindings Artifact="true" POST="true" Redirect="true" SOAP="true"/>
                <urn:EnabledProfiles IDPInitiatedSSO="true" IDPInitiatedSLO="false" SPInitiatedSSO="true" SPInitiatedSLO="false"/>
                <urn:IDP AssertionsSigned="false" DefaultTargetResource="https://sso.test-win4.com:9031/SpSample/MainPage">
                    <urn:TargetAttributeMapping AdapterInstanceId="SPOTK" RestrictVirtualServerIds="false">
                        <urn:AttributeMap Name="mail" Type="Provider Claims" Value="email"/>
                        <urn:AttributeMap Name="displayName" Type="Provider Claims" Value="firstName"/>
                        <urn:AttributeMap Name="subject" Type="Provider Claims" Value="sub"/>
                        <urn:AttributeMap Name="surname" Type="Text" Value="Bradley"/>
                        <urn:AttributeMap Name="givenName" Type="Provider Claims" Value="firstName"/>
                        <urn:AttributeMap Name="memberOf" Type="Provider Claims" Value="group"/>
                        <urn:AttributeMap Name="userPrincipalName" Type="Provider Claims" Value="email"/>
                        <urn:AttributeMap Name="username" Type="Provider Claims" Value="sub"/>
                        <urn:TokenAuthorizationIssuanceCriteria/>
                    </urn:TargetAttributeMapping>
                    <urn:AccountLinkingAndMapping Type="mapping" IncludeAdditionalAttributes="false"/>
                    <urn:ErrPageMsg>errorDetail.spSsoFailure</urn:ErrPageMsg>
                </urn:IDP>
            </urn:RoleExtension>
        </md:Extensions>
        <md:SingleSignOnService Binding="oauth:authz" Location="https://sso.test-win4.com:9031/as/authorization.oauth2"/>
        <saml:Attribute Name="firstName" NameFormat="urn:oasis:names:tc:SAML:2.0:attrname-format:basic" xmlns:saml="urn:oasis:names:tc:SAML:2.0:assertion"/>
        <saml:Attribute Name="host" NameFormat="urn:oasis:names:tc:SAML:2.0:attrname-format:basic" xmlns:saml="urn:oasis:names:tc:SAML:2.0:assertion"/>
        <saml:Attribute Name="pi.sri" NameFormat="urn:oasis:names:tc:SAML:2.0:attrname-format:basic" xmlns:saml="urn:oasis:names:tc:SAML:2.0:assertion"/>
        <saml:Attribute Name="uuid" NameFormat="urn:oasis:names:tc:SAML:2.0:attrname-format:basic" xmlns:saml="urn:oasis:names:tc:SAML:2.0:assertion"/>
        <saml:Attribute Name="email" NameFormat="urn:oasis:names:tc:SAML:2.0:attrname-format:basic" xmlns:saml="urn:oasis:names:tc:SAML:2.0:assertion"/>
        <saml:Attribute Name="group" NameFormat="urn:oasis:names:tc:SAML:2.0:attrname-format:basic" xmlns:saml="urn:oasis:names:tc:SAML:2.0:assertion"/>
    </md:IDPSSODescriptor>
    <md:RoleDescriptor protocolSupportEnumeration="OIDC" xsi:type="urn:PFOIDCRoleDescriptorType" xmlns:xsi="http://www.w3.org/2001/XMLSchema-instance">
        <md:Extensions>
            <urn:RoleExtension LastModified="2020-01-17T13:39:59.600-07:00"/>
        </md:Extensions>
        <urn:OpenIDConnectSettings>
            <urn:TokenEndpoint>https://sso.test-win4.com:9031/as/token.oauth2</urn:TokenEndpoint>
            <urn:JWKSUri>https://sso.test-win4.com:9031/pf/JWKS</urn:JWKSUri>
            <urn:Scopes>address edit phone urn:pingidentity:directory-delegated-admin openid profile admin oauth email</urn:Scopes>
            <urn:Profile>BASIC</urn:Profile>
            <urn:UserInfoEndpoint>https://sso.test-win4.com:9031/idp/userinfo.openid</urn:UserInfoEndpoint>
            <urn:ClientID>laptop</urn:ClientID>
            <urn:ClientSecret>eyJhbGciOiJkaXIiLCJlbmMiOiJBMTI4Q0JDLUhTMjU2Iiwia2lkIjoiQkY1M2tHSEZ2NiIsInZlcnNpb24iOiI5LjMuMy4zIn0..dU4LVOvSKgaIKy2ZGPrz8g.Sd1btN_yOTMo0FOYiEqm6g.belT85LXIr4IXRm30A1EXA</urn:ClientSecret>
            <urn:BasicAuth>true</urn:BasicAuth>
            <urn:PrivateJwtAuth>false</urn:PrivateJwtAuth>
        </urn:OpenIDConnectSettings>
    </md:RoleDescriptor>
    <md:RoleDescriptor protocolSupportEnumeration="urn:oasis:names:tc:SAML:2.0:protocol" xsi:type="urn:PFAvailableCertsRoleDescriptorType" xmlns:xsi="http://www.w3.org/2001/XMLSchema-instance"/>
    <md:ContactPerson contactType="administrative"/>
</md:EntityDescriptor>