<?xml version="1.0" encoding="UTF-8"?>
<urn:PluginConfiguration isInheritExtendedContractAttributes="false" name="IDPSample" xmlns:urn="urn:sourceid.org:saml2:adapter:conf">
    <urn:Fields>
        <urn:Field name="HTTP Request Parameter Name">email</urn:Field>
        <urn:Field name="Case-Sensitive Matching">false</urn:Field>
        <urn:Field name="Enable 'Any' Result Value">false</urn:Field>
        <urn:Field name="Enable 'No Match' Result Value">false</urn:Field>
        <urn:Field name="Enable 'Not in Request' Result Value">false</urn:Field>
    </urn:Fields>
    <urn:AdvancedFields/>
    <urn:Tables/>
    <urn:ExtendedContractAttributes>
        <urn:AttributeName>jasonbradley@pingidentity.com</urn:AttributeName>
    </urn:ExtendedContractAttributes>
</urn:PluginConfiguration>